{"cameraMode":{"drawMode":0,"name":"Shaded","section":"Shading Mode"},"sceneLighting":true,"audioPlay":false,"sceneViewState":{"showFog":true,"showMaterialUpdate":false,"showSkybox":true,"showFlares":true,"showImageEffects":true,"showParticleSystems":true},"in2DMode":false,"pivot":{"x":-2.130280017852783,"y":1.9938740730285645,"z":374.21356201171877},"rotation":{"x":0.04702845588326454,"y":0.9274431467056274,"z":-0.34941917657852175,"w":0.12484048306941986},"size":24.289295196533204,"orthographic":false}