{"cameraMode":{"drawMode":0,"name":"Shaded","section":"Shading Mode"},"sceneLighting":true,"audioPlay":false,"sceneViewState":{"showFog":true,"showMaterialUpdate":false,"showSkybox":true,"showFlares":true,"showImageEffects":true,"showParticleSystems":true},"in2DMode":false,"pivot":{"x":2.5775227546691896,"y":17.5058650970459,"z":60.13600158691406},"rotation":{"x":-0.0016553470632061363,"y":0.9818342328071594,"z":-0.1896490603685379,"w":-0.008540257811546326},"size":4.588934898376465,"orthographic":false}